{
  "0": {
    "precision": 0.12311780336581045,
    "recall": 0.8606811145510835,
    "f1-score": 0.21542037969779154,
    "support": 323.0
  },
  "1": {
    "precision": 0.9995396042642876,
    "recall": 0.9801358387591922,
    "f1-score": 0.9897426286223717,
    "support": 99677.0
  },
  "accuracy": 0.97975,
  "macro avg": {
    "precision": 0.561328703815049,
    "recall": 0.9204084766551379,
    "f1-score": 0.6025815041600816,
    "support": 100000.0
  },
  "weighted avg": {
    "precision": 0.9967087618473857,
    "recall": 0.97975,
    "f1-score": 0.9872415677583454,
    "support": 100000.0
  }
}