{
  "0": {
    "precision": 0.07592002318168647,
    "recall": 0.8111455108359134,
    "f1-score": 0.13884472708002119,
    "support": 323.0
  },
  "1": {
    "precision": 0.9993681964598287,
    "recall": 0.9680066615166989,
    "f1-score": 0.9834374649638682,
    "support": 99677.0
  },
  "accuracy": 0.9675,
  "macro avg": {
    "precision": 0.5376441098207576,
    "recall": 0.8895760861763061,
    "f1-score": 0.5611410960219447,
    "support": 100000.0
  },
  "weighted avg": {
    "precision": 0.9963854588601402,
    "recall": 0.9675,
    "f1-score": 0.9807094304205033,
    "support": 100000.0
  }
}