{
  "0": {
    "precision": 0.042928883849019925,
    "recall": 0.8204334365325078,
    "f1-score": 0.08158866995073892,
    "support": 323.0
  },
  "1": {
    "precision": 0.999381841047886,
    "recall": 0.940728553226923,
    "f1-score": 0.9691685959980155,
    "support": 99677.0
  },
  "accuracy": 0.94034,
  "macro avg": {
    "precision": 0.521155362448453,
    "recall": 0.8805809948797154,
    "f1-score": 0.5253786329743773,
    "support": 100000.0
  },
  "weighted avg": {
    "precision": 0.9962924979961336,
    "recall": 0.94034,
    "f1-score": 0.9663017128368828,
    "support": 100000.0
  }
}