{
  "0": {
    "precision": 0.042127182444337656,
    "recall": 0.8142414860681114,
    "f1-score": 0.08010965580261956,
    "support": 323.0
  },
  "1": {
    "precision": 0.9993600477830988,
    "recall": 0.9400062200908936,
    "f1-score": 0.9687748792869919,
    "support": 99677.0
  },
  "accuracy": 0.9396,
  "macro avg": {
    "precision": 0.5207436151137183,
    "recall": 0.8771238530795025,
    "f1-score": 0.5244422675448057,
    "support": 100000.0
  },
  "weighted avg": {
    "precision": 0.9962681856280546,
    "recall": 0.9396,
    "f1-score": 0.9659044906151373,
    "support": 100000.0
  }
}